name,type,etc,etc2,longitude,latitude,joindate,outdate
팔각정,쉼터,229497.78,609097.39,127.3362133,38.08147958,01/05/2016 11:50:00 AM,12/21/2015 09:04:00 PM
팔각정,쉼터,229497.78,609097.39,127.3362133,38.08147958,12/21/2015 09:04:00 PM,
팔각정,쉼터,229497.78,609097.39,127.3362133,38.08147958,12/30/2015 10:07:57 AM,
팔각정,쉼터,229497.78,609097.39,127.3362133,38.08147958,12/24/2015 08:35:00 AM,
종합표지판,안내판,239701.38,598720.31,127.4519354,37.98760263,01/05/2016 09:31:00 AM,
만남의쉼터,쉼터,238360.28,520062.78,127.4325422,37.27898764,12/23/2015 05:17:45 PM,12/31/2015 11:03:07 AM
쉼터,쉼터,192109.85,529249.01,126.9109336,37.36251536,12/30/2015 12:56:00 PM,
종합안내판,안내판,243325.45,554541.61,127.4905499,37.58941831,01/04/2016 08:20:00 AM,
종합안내도,안내판,243325.45,554541.61,127.4905499,37.58941831,12/29/2015 01:02:00 PM,
이정표,안내판,240021.98,574289.88,127.4542312,37.76748996,12/28/2015 11:20:00 AM,
이정표,안내판,240252.63,573930.94,127.456829,37.76424602,12/21/2015 10:11:00 AM,
이정표,안내판,241108.06,572978.57,127.4664831,37.75562774,12/30/2015 10:22:00 AM,
이정표.분기,안내판,241306.49,572557.35,127.4687108,37.75182388,12/31/2015 11:03:07 AM,
이정표,안내판,241440.88,572491.07,127.4702319,37.75122066,12/30/2015 08:07:00 PM,01/04/2016 12:16:00 PM
이정표,안내판,241698.01,572358.07,127.4731419,37.75001074,01/04/2016 12:16:00 PM,
이정표.분기,안내판,241396.6,571897.91,127.4696957,37.74587867,12/21/2015 08:49:44 PM,
이정표.분기,안내판,241124.65,571623.41,127.4665947,37.74341784,12/21/2015 09:58:00 AM,
이정표,안내판,241031.6,571458.66,127.4655297,37.74193772,01/05/2016 09:05:00 AM,
이정표,안내판,240757.45,571159.63,127.4624026,37.73925588,12/30/2015 10:31:00 AM,
이정표,안내판,240329.54,570862.5,127.4575315,37.73659786,12/28/2015 09:36:00 AM,12/30/2015 10:31:00 AM
이정표,안내판,240164.01,570678.66,127.4556435,37.73494885,01/03/2016 05:57:00 PM,
이정표,안내판,239712.71,570283.88,127.4505023,37.73141178,12/22/2015 12:42:40 PM,
이정표,안내판,239318.41,570077.22,127.4460183,37.7295669,12/21/2015 03:33:00 PM,
이정표,안내판,239128.96,570132.16,127.4438723,37.73006999,12/28/2015 07:12:00 PM,
이정표,안내판,238639.22,570118.41,127.4383162,37.7299669,12/29/2015 10:36:00 AM,
이정표,안내판,238252.63,569990.97,127.4339242,37.72883496,01/05/2016 10:01:00 AM,
이정표.훼손지,안내판,238032.02,570056.44,127.4314251,37.72943399,12/21/2015 12:49:00 PM,
이정표,안내판,241573.7,571455.47,127.4716798,37.74188453,12/28/2015 11:06:00 AM,01/01/2016 04:15:00 PM
이정표,안내판,239095.66,571684.82,127.443578,37.74405999,01/01/2016 04:15:00 PM,
이정표,안내판,239189.94,570417.82,127.4445794,37.73264102,12/22/2015 01:24:39 PM,
이정표,안내판,239851.63,569443.88,127.4520322,37.72383783,12/24/2015 09:22:51 AM,
안내판,안내판,239545.33,569834.32,127.4485792,37.72736874,01/05/2016 09:37:00 AM,
안내판,안내판,237915.85,570378.57,127.4301242,37.73234102,12/28/2015 06:03:38 PM,
위험지역,안내판,240303.95,570794.78,127.4572375,37.73598887,12/30/2015 11:18:52 AM,
이정표설치요,안내판,241660.54,572080.94,127.4727008,37.74751568,12/26/2015 04:06:00 PM,
이정표설치요,안내판,240415.01,570888.44,127.4585026,37.7368278,12/30/2015 10:26:00 AM,
이정표설치요,안내판,239159.49,571264.91,127.4442796,37.74027412,12/23/2015 10:07:04 AM,
산림욕장,쉼터,227007.43,521621.82,127.3045885,37.29343353,01/05/2016 02:42:00 PM,
이정표,안내판,227636.48,572651.45,127.3136014,37.75318646,01/04/2016 08:38:00 PM,
이정표,안내판,229444.38,572608.86,127.3341143,37.75274638,12/30/2015 11:45:00 AM,01/04/2016 08:38:00 PM
이정표,안내판,229275.91,572724.92,127.3322073,37.75379743,01/05/2016 03:11:49 PM,
안내판,안내판,229058.83,573043.14,127.3297568,37.75667135,12/26/2015 04:11:00 PM,
이정표,안내판,228830.91,573431.08,127.3271858,37.76017371,12/29/2015 08:54:00 AM,
철죽동산 안내판,안내판,227675,574395.08,127.314105,37.76889458,12/28/2015 11:12:00 AM,
이정표,안내판,227544.16,574352.2,127.3126183,37.7685122,12/21/2015 11:23:00 AM,
이정표,안내판,227653.48,573119.36,127.3138121,37.7574016,12/23/2015 09:50:00 AM,
이정표,안내판,227571.84,572809.7,127.312874,37.75461417,01/04/2016 09:55:00 AM,
산림휴양관,쉼터,227779.08,572916.39,127.3152297,37.75556913,01/05/2016 09:38:00 AM,
갈림길,안내판,203697.78,535286.12,127.0417718,37.41693726,01/05/2016 09:25:00 AM,
이정표,안내판,204107.63,536704.12,127.0464096,37.42971196,01/01/2016 05:29:29 PM,
안내판,안내판,204194.91,536896.47,127.0473968,37.43144468,12/22/2015 01:24:00 PM,
안내판,안내판,204122.82,537066.06,127.0465832,37.43297303,12/29/2015 07:08:29 AM,
안내판,안내판,204106.86,537129.97,127.0464032,37.43354894,12/26/2015 01:19:00 PM,
안내판,안내판,204021.43,537182.53,127.0454382,37.43402289,12/23/2015 08:58:00 AM,
안내판,안내판,203898.94,537352.94,127.0440551,37.43555884,12/28/2015 03:53:00 PM,
이정표,안내판,203692.39,535268.66,127.0417109,37.41677996,01/04/2016 10:43:19 AM,
청계골갈림길 이정표,안내판,205522.96,536680.78,127.0624003,37.4294943,01/04/2016 12:51:00 PM,
백운호수 이정표,안내판,202397.86,530675.78,127.0270724,37.37540136,12/28/2015 02:50:00 PM,
백운호수 하오고개 이정표,안내판,202436.69,531073.18,127.0275121,37.37898193,12/23/2015 01:16:00 PM,01/03/2016 11:57:00 AM
등산로 안내도,안내판,203000.86,532166.97,127.0338864,37.38883559,12/23/2015 09:12:24 PM,01/03/2016 11:57:00 AM
이정표,안내판,202141.38,533025.22,127.0241835,37.396571,01/03/2016 11:57:00 AM,
이정표,안내판,202477,533522.5,127.0279754,37.40105076,12/31/2015 11:34:56 AM,
이정표,안내판,203305.1,533547.94,127.0373282,37.4012774,12/21/2015 02:02:27 PM,
이정표,안내판,203398.44,533607.15,127.0383826,37.40181055,12/23/2015 04:02:28 PM,
이정표,안내판,203880.91,533866.15,127.0438331,37.4041423,12/23/2015 12:35:15 PM,01/03/2016 11:57:00 AM
이정표,안내판,202696.91,534152.47,127.0304614,37.40672631,01/02/2016 10:28:47 AM,
이정표,안내판,203375.59,532328.43,127.0381187,37.39028909,12/21/2015 08:07:00 AM,
위험지,안내판,203757.02,535618.22,127.0424427,37.4199293,12/23/2015 12:43:00 PM,
위험지,안내판,203726.99,535684.22,127.0421038,37.4205241,12/29/2015 02:12:07 PM,
위험지역,안내판,204097.99,536685.66,127.0463005,37.42954568,12/23/2015 02:07:39 PM,
위험지,안내판,203553.74,532639.22,127.040132,37.39308871,12/20/2015 12:02:01 PM,
이정표,안내판,225283.76,563242.04,127.2865779,37.66847921,01/04/2016 10:22:00 AM,
이정표,안내판,224157.69,564105.16,127.2738432,37.67628598,01/02/2016 08:53:06 AM,
이정표,안내판,224002.37,564410.1,127.2720926,37.67903747,01/05/2016 07:41:00 PM,
이정표,안내판,224010.52,564426.67,127.2721855,37.67918655,12/29/2015 01:37:00 PM,
119신고안내,안내판,243983.03,553670.43,127.4979428,37.58153816,01/03/2016 10:22:35 AM,
119신고안내,안내판,243293.31,552891.52,127.4900885,37.57455316,12/21/2015 11:01:00 AM,01/03/2016 11:57:00 AM
119신고안내,안내판,243577.59,554258.24,127.4933878,37.58685336,12/28/2015 11:50:00 AM,
119신고안내,안내판,243678.16,554064.3,127.4945148,37.58510128,12/22/2015 12:27:31 PM,
119신고안내,안내판,243986.86,552795.14,127.4979336,37.57365196,12/22/2015 10:13:00 AM,
119신고안내,안내판,242933.37,554114.46,127.4860857,37.58558822,12/23/2015 02:11:27 PM,01/03/2016 11:57:00 AM
119구조안내,안내판,243191.25,553783.61,127.4889858,37.58259534,12/31/2015 11:07:00 AM,
119구조안내,안내판,243061.83,553238.05,127.4874886,37.57768611,12/21/2015 09:24:00 PM,
119구조안내,안내판,229874.01,585196.77,127.3395083,37.86614234,12/31/2015 11:36:07 AM,01/03/2016 11:57:00 AM
119구조안내,안내판,229741.37,585523.62,127.3380143,37.86909138,12/28/2015 12:26:40 PM,
위험안내,안내판,228761.45,586374.46,127.3269114,37.87678833,12/29/2015 01:14:00 PM,
119신고안내,안내판,229608.42,585425.77,127.3364993,37.86821414,12/24/2015 09:17:00 AM,01/03/2016 11:57:00 AM
입산통제,통제구역,229473.99,585537.74,127.3349761,37.86922728,12/31/2015 07:04:00 AM,
입산통제,통제구역,229103.63,585618.55,127.3307703,37.86996722,12/28/2015 03:58:00 PM,
위험경고,안내판,228818.13,585661.52,127.3275272,37.87036342,12/29/2015 07:38:05 PM,
이정표,안내판,239699.88,586166.42,127.4512265,37.87450319,12/28/2015 08:43:00 AM,
이정표,안내판,238124.72,586676.92,127.4333508,37.87916965,12/22/2015 07:05:52 AM,
이정표,안내판,236763.95,588535.8,127.4179784,37.89597264,12/26/2015 08:55:06 AM,
이정표,안내판,237416.09,586397.08,127.4252817,37.87667788,12/27/2015 08:39:01 PM,
이정표,안내판,238811.5,588514.8,127.4412557,37.89569849,01/04/2016 08:03:45 PM,
안내판,안내판,235365.09,585352.02,127.4019189,37.86734455,01/05/2016 01:42:03 PM,
이정표,안내판,235168.67,586775.61,127.3997559,37.88017766,12/21/2015 08:47:00 AM,
이정표,안내판,235213.45,587485.3,127.4002995,37.88656971,12/28/2015 02:32:00 PM,
이정표,안내판,207233.7,566818.62,127.082026,37.70102302,12/28/2015 05:35:36 AM,
이정표,안내판,207238.07,566827.58,127.0820757,37.70110371,12/27/2015 10:59:00 AM,
산림욕장 안내판,안내판,205535.17,594135.29,127.0629745,37.94714601,01/03/2016 10:51:51 AM,
소요산관광안내도,안내판,206121.84,594073.36,127.0696486,37.9465843,12/28/2015 04:30:07 PM,
요석공원입구표지판,안내판,206139.34,594081.82,127.0698477,37.9466604,12/29/2015 10:28:09 AM,
일주문까지거리안내판,안내판,206158.07,594101.29,127.070061,37.94683568,12/26/2015 04:33:24 PM,
요석공원안내판,안내판,206205.65,594122.7,127.0706025,37.94702825,12/21/2015 03:15:00 PM,
안내판,안내판,206388.97,594150.61,127.0726884,37.94727843,01/04/2016 09:41:00 AM,
안내판,안내판,206536.28,594084.45,127.0743638,37.94668132,12/23/2015 11:19:00 AM,
입장료 안내판,안내판,206547.92,594084.92,127.0744962,37.94668547,12/29/2015 10:04:00 AM,01/04/2016 08:03:45 PM
거리안내판,안내판,206943.09,594027.7,127.0789915,37.94616703,12/28/2015 03:56:45 PM,
거리안내판,안내판,207238.01,594000.57,127.0823466,37.9459203,12/21/2015 10:31:00 AM,
자재암안내도,안내판,207269.89,593975.51,127.082709,37.94569427,12/29/2015 12:43:00 PM,
등산로안내판,안내판,207326.58,593936.7,127.0833536,37.94534416,12/22/2015 01:06:00 PM,01/04/2016 08:03:45 PM
등산로안내판,안내판,207342.37,593902.01,127.0835329,37.9450315,12/24/2015 03:48:00 PM,
방향표지판,안내판,207317.79,593690.36,127.0832511,37.94312487,01/05/2016 03:25:00 PM,
고도안내판,안내판,206911,593156.6,127.0786181,37.9383192,01/05/2016 03:15:47 PM,
분기점표지판,안내판,207440.93,593059.45,127.0846454,37.93743976,12/22/2015 03:14:22 PM,
거리안내판,안내판,207693.18,593118.42,127.0875156,37.93796894,12/27/2015 08:08:39 AM,
거리안내판,안내판,207733.83,593169.57,127.0879786,37.93842943,01/05/2016 01:02:04 PM,
정상표지판,안내판,207915.28,593277.76,127.0900439,37.93940259,12/28/2015 01:07:00 PM,
방향표시판,안내판,207857.79,593889.32,127.0893966,37.94491286,12/23/2015 10:14:00 AM,
방향표지판,안내판,207677.92,593959.76,127.087351,37.94554902,12/21/2015 06:31:00 AM,
119안내판,안내판,207661.87,593966.92,127.0871684,37.94561366,12/22/2015 07:12:31 AM,
119안내판,안내판,208043.4,593358.07,127.0915023,37.94012501,01/04/2016 11:20:33 AM,
안내판,안내판,208186.58,593518.45,127.0931329,37.94156866,12/22/2015 10:11:00 AM,
119안내판,안내판,208392.2,593697.89,127.0954742,37.94318342,12/23/2015 09:59:00 AM,
119안내판,안내판,208465.06,593988.29,127.0963065,37.94579907,12/28/2015 10:46:46 AM,01/04/2016 08:03:45 PM
방향표지판,안내판,208444.87,594262.7,127.09608,37.94827152,12/23/2015 10:07:25 AM,
119안내판,안내판,208409.45,594303.23,127.0956775,37.94863699,12/23/2015 05:14:00 PM,
고도표지판,안내판,207849.15,594260.17,127.0893023,37.94825406,01/02/2016 03:20:54 AM,
119안내판,안내판,207788.47,593984.7,127.0886089,37.94577277,12/23/2015 04:28:00 PM,
위험구간시작,안내판,206962.79,593139.26,127.0792071,37.93816259,01/05/2016 03:02:56 PM,
위험구간끝,안내판,207032.57,593108.57,127.0800006,37.93788555,12/22/2015 05:40:13 AM,
위험구간시작점,안내판,207738.25,593910.89,127.0880368,37.94510822,01/05/2016 03:00:00 PM,
위험구간중간,안내판,207718.62,593903.82,127.0878134,37.94504469,01/03/2016 03:55:04 PM,
위험구간끝점,안내판,207706.18,593906.89,127.0876719,37.94507246,12/27/2015 04:37:13 PM,
위험지역시작,안내판,208228.7,593571.32,127.0936127,37.9420446,01/04/2016 10:54:00 AM,
위험지역중간,안내판,208239.67,593592.1,127.0937377,37.94223172,12/21/2015 12:24:00 PM,
위험지역끝,안내판,208256.22,593603.39,127.0939261,37.94233328,12/31/2015 10:32:00 AM,
위험지역,안내판,208287.59,593628.35,127.0942833,37.94255787,12/29/2015 08:08:15 AM,
위험지역,안내판,208334.73,593652.29,127.0948199,37.94277312,01/01/2016 09:06:00 PM,
위험지역,안내판,208385.26,593685.42,127.0953951,37.94307114,01/04/2016 12:11:00 PM,
위험지역,안내판,208426.11,593734.17,127.0958604,37.94350997,01/04/2016 09:31:51 AM,
위험지역,안내판,208440.81,593771.04,127.0960281,37.94384201,12/31/2015 09:56:00 AM,
위험지역,안내판,208446.22,593797.1,127.0960899,37.94407674,01/02/2016 08:07:17 AM,
위험지역,안내판,208474.06,593887.2,127.0964077,37.94488823,12/22/2015 09:10:27 PM,
위험지역,안내판,208479.47,593926.98,127.0964697,37.94524657,01/05/2016 02:28:53 PM,
위험지대,안내판,208237.47,594266.23,127.0937204,37.94830522,12/29/2015 07:21:13 PM,
위험지대,안내판,208213.59,594274.32,127.0934488,37.94837832,12/31/2015 10:17:57 AM,
위험지대,안내판,208144.12,594266.98,127.0926583,37.94831282,12/23/2015 10:10:51 PM,
위험지역,안내판,207823.26,594127.61,127.0890063,37.94706,01/04/2016 07:39:00 AM,
위험지역,안내판,207830.12,594021.95,127.0890832,37.94610801,12/29/2015 07:42:18 AM,
위험지역,안내판,207810.01,594001.29,127.0888542,37.94592205,12/23/2015 10:06:00 AM,
위험지대,안내판,208187.22,593522.01,127.0931402,37.94160072,01/05/2016 04:29:59 PM,
이정표,안내판,242498.03,600655.56,127.4838842,38.00491063,12/22/2015 09:18:00 AM,
안내판,안내판,239701.38,598720.31,127.4519354,37.98760263,01/04/2016 03:46:00 PM,
이정표,안내판,240008.46,599362.4,127.4554667,37.99337375,12/27/2015 07:18:35 PM,01/04/2016 08:03:45 PM
이정표,안내판,240424.85,600232.59,127.4602558,38.00119485,12/28/2015 12:45:15 PM,
이정표,안내판,240745.29,600299.65,127.4639079,38.00178465,12/29/2015 09:44:00 PM,
이정표,안내판,241181.62,600376.43,127.46888,38.00245666,12/22/2015 07:28:43 PM,
이정표,안내판,241519.97,600719.12,127.472752,38.00552853,12/22/2015 03:23:00 PM,01/04/2016 08:03:45 PM
이정표,안내판,242486.93,600660.15,127.4837581,38.0049525,12/30/2015 08:42:00 AM,
이정표,안내판,242308.31,600281.81,127.4817021,38.00155239,12/23/2015 09:57:00 AM,
이정표,안내판,242163.2,599768.02,127.4800198,37.99693042,12/22/2015 12:42:10 PM,01/04/2016 08:03:45 PM
이정표,안내판,241838.54,599684.21,127.4763189,37.99619041,12/29/2015 10:49:05 AM,
이정표,안내판,241328.56,599174.03,127.4704837,37.99161757,12/23/2015 04:14:00 PM,
이정표,안내판,240521.79,598817.34,127.4612796,37.98844052,12/28/2015 12:31:00 PM,01/01/2016 05:38:23 PM
이정표,안내판,240118.59,598685.28,127.4566826,37.9872687,12/23/2015 09:25:59 AM,
이정표,안내판,240585.79,599536.71,127.4620488,37.99491847,01/01/2016 10:31:51 AM,
(좌) 흥룡사입구,안내판,236013.47,607953.69,127.4104194,38.07094013,01/03/2016 04:34:00 PM,
갈림길,안내판,238383.28,606768.5,127.4373622,38.06016543,01/05/2016 10:10:00 AM,
갈림길,안내판,238508.61,606718.1,127.4387875,38.05970606,12/22/2015 09:39:52 AM,
갈림길,안내판,238520.64,606708.35,127.4389241,38.05961771,12/23/2015 08:27:00 PM,
갈림길,안내판,238519.33,606705.53,127.438909,38.05959236,01/01/2016 05:38:23 PM,
갈림길,안내판,238521.65,606701.91,127.4389352,38.05955965,01/03/2016 08:43:00 PM,
갈림길,안내판,238529.62,606684,127.4390251,38.05939796,12/28/2015 09:18:00 AM,
갈림길,안내판,238538.47,606677.19,127.4391255,38.05933623,01/04/2016 11:21:30 AM,
갈림길,안내판,238537.75,606684.03,127.4391177,38.05939788,12/23/2015 12:51:00 PM,
팔각정,쉼터,236202.33,607886.72,127.4125683,38.07032927,12/28/2015 09:02:00 AM,
팔각정,쉼터,236356.14,607737.07,127.4143135,38.06897491,12/30/2015 09:13:43 AM,
백운산정상2.4km,안내판,239004.09,610073.53,127.4446161,38.08991361,01/05/2016 02:28:45 PM,
백운산정상1.5km,안내판,239134.77,609530.5,127.446076,38.08501587,01/05/2016 08:23:56 AM,
백운산정상0.9km,안내판,239222.8,609025.16,127.4470516,38.0804595,01/03/2016 02:27:18 PM,
위험안내,안내판,239179.8,608748.63,127.4465464,38.07797013,12/28/2015 03:09:44 PM,
(우) 흥룡봉 3.8km,안내판,236788.92,607920.97,127.4192548,38.07061417,01/04/2016 10:05:00 AM,
구간통제안내판,통제구역,235950.39,608057.72,127.4097058,38.07187984,12/28/2015 09:16:44 PM,
백운산3.53km,안내판,236226.08,607867.03,127.4128379,38.07015093,12/21/2015 02:45:00 PM,
안내도,안내판,236377.98,607745.13,127.4145628,38.06904665,01/02/2016 10:26:00 AM,
백운산3.5km,안내판,236421.53,607744.44,127.415059,38.06903868,12/24/2015 08:53:00 AM,
백운산1km,안내판,239212.03,607594.97,127.4468505,38.06757552,12/21/2015 08:02:00 AM,
(전방) 백운산정상,안내판,239013.56,610907.44,127.4447695,38.09742579,12/21/2015 04:28:35 PM,
(전방)가리산,안내판,239129.56,609585.35,127.4460196,38.08551023,12/23/2015 09:39:00 AM,01/01/2016 05:38:23 PM
(전방)도마치봉,안내판,238343.19,608524.85,127.4369995,38.07598996,12/23/2015 02:19:00 PM,
(좌)조망점(우)등산로,안내판,237714.11,608172.57,127.4298114,38.07284273,01/04/2016 12:12:25 PM,
(좌)조망점(우)등산로,안내판,237529.31,606523.69,127.4276189,38.05799575,12/23/2015 02:10:45 PM,
(전방) 백운산정상,안내판,236462.5,607566.44,127.4155168,38.06743343,12/23/2015 12:52:00 PM,
(전방)가리산,안내판,236614.65,606900.66,127.4172166,38.06142931,01/05/2016 10:24:49 AM,
(전방)도마치봉,안내판,237247.26,606496.31,127.4244038,38.05776073,12/23/2015 10:06:00 AM,
(좌)백운산(우)흥룡봉,안내판,237538.97,606510.6,127.4277283,38.05787742,12/23/2015 08:43:00 AM,
쉼터,쉼터,239362.44,593205.43,127.4477754,37.93793342,01/04/2016 03:50:28 AM,
119신고안내,안내판,242608.63,593064.99,127.4846936,37.93652187,12/22/2015 07:19:09 AM,
119신고안내,안내판,239449.44,593085.4,127.4487585,37.93684828,01/04/2016 09:38:05 AM,
구조신고안내,안내판,236921.11,591579.27,127.4199209,37.92338549,12/31/2015 02:00:58 PM,
구조신고안내,안내판,237022.21,591917.18,127.4210881,37.92642566,12/20/2015 02:49:32 PM,
구조신고안내,안내판,237240.1,592263.15,127.4235842,37.92953367,12/28/2015 04:35:29 PM,01/01/2016 05:38:23 PM
산악구조신고안내,안내판,228614.59,610778.04,127.3262142,38.09664894,12/28/2015 02:39:30 PM,
산악구조신고안내,안내판,228747.24,610827.48,127.3277284,38.09709014,12/21/2015 05:23:00 PM,
안내판,안내판,228796.54,610824.14,127.3282903,38.09705848,12/22/2015 04:31:00 PM,01/01/2016 05:38:23 PM
산악구조신고안내,안내판,229705.95,610742.76,127.3386544,38.09629591,12/29/2015 07:21:00 AM,
산악구조신고안내,안내판,229779.49,610987.39,127.3395029,38.09849736,12/21/2015 02:55:45 PM,
산악구조신고안내,안내판,229811.43,611375.14,127.3398832,38.10198954,12/28/2015 05:39:00 PM,
안내판,안내판,197944.25,536272.94,126.9767746,37.42583378,12/31/2015 08:14:48 AM,
안내지도,안내판,198725.66,537156.04,126.9856012,37.43379207,01/04/2016 12:19:00 PM,
안내판,안내판,198648.45,537229.41,126.9847287,37.43445303,12/21/2015 05:52:00 AM,
안내판,안내판,198340.42,537417.19,126.9812478,37.43614446,12/23/2015 12:21:48 PM,
안내판,안내판,198254.81,537538.69,126.9802802,37.43723904,12/21/2015 04:32:00 PM,
등산지도,안내판,198164.56,537684.29,126.9792601,37.43855074,01/02/2016 07:45:16 AM,
안내판,안내판,197298.03,538199.1,126.9694666,37.44318713,12/26/2015 10:21:40 AM,
안내판,안내판,197289.33,538169.35,126.9693684,37.44291906,01/01/2016 08:10:11 PM,
현황판,안내판,197007.03,538022.97,126.9661789,37.44159928,12/27/2015 10:16:00 AM,
안내판,안내판,196932.09,538025.16,126.9653321,37.44161877,01/02/2016 07:46:17 AM,
이정표,안내판,196933.72,538128.22,126.9653501,37.44254736,01/04/2016 01:51:00 PM,
경고문,안내판,196992.41,537938.57,126.9660141,37.44083878,12/31/2015 02:02:00 PM,
안내판,안내판,196980.91,538280.41,126.9658827,37.44391877,12/30/2015 04:04:00 PM,01/01/2016 05:38:23 PM
안내판,안내판,196968.64,538251.51,126.9657442,37.44365834,12/31/2015 02:57:17 PM,
등산지도,안내판,197915.08,536195.25,126.9764452,37.42513372,01/04/2016 04:14:25 PM,
안내판,안내판,197927.33,536212.44,126.9765836,37.42528863,12/30/2015 08:11:42 AM,
안내판,안내판,198840.81,537109.5,126.9869024,37.43337289,12/28/2015 07:54:42 AM,01/04/2016 12:03:00 PM
안내문판,안내판,197934.06,536247.32,126.9766595,37.42560292,12/30/2015 03:01:35 PM,
할매쉼터,쉼터,221268.68,547164.28,127.2406027,37.52372305,01/03/2016 12:59:03 PM,
나무의자,쉼터,221600.68,548099.31,127.2443859,37.5321399,01/04/2016 11:47:00 AM,
안내판,안내판,221022.02,547525.47,127.2378227,37.526983,12/29/2015 07:38:48 PM,
안내판,안내판,221081.67,547426.62,127.2384946,37.52609101,01/05/2016 10:54:31 AM,
안내판,안내판,221443.35,546991.81,127.2425736,37.52216506,12/28/2015 07:05:00 AM,
안내판,안내판,221663.27,546660.4,127.2450516,37.51917394,12/30/2015 09:05:00 AM,
안내판,안내판,221784.77,546544.62,127.2464225,37.51812791,01/04/2016 12:03:00 PM,
안내판,안내판,220874.6,547762.28,127.2361616,37.52911999,12/30/2015 01:56:03 PM,
안내판,안내판,221627.48,547988.4,127.2446858,37.53113998,01/05/2016 11:55:00 AM,
이정표,안내판,221816.78,547729.84,127.2468198,37.52880592,12/23/2015 08:25:00 AM,
안내판,안내판,221936.59,546977.31,127.2481528,37.52202283,12/24/2015 09:32:31 AM,
안내판,안내판,221783.34,545774.12,127.2463835,37.51118577,12/30/2015 09:10:00 AM,
안내판,안내판,221280.9,544964.15,127.2406772,37.50389968,12/28/2015 09:08:44 AM,
안내판,안내판,221821.73,545188.43,127.2468004,37.50590782,01/05/2016 12:22:00 PM,
안내판,안내판,222245.68,546526.75,127.2516356,37.51795591,01/05/2016 09:08:00 AM,
안내판,안내판,222863.79,546794.78,127.2586357,37.52035574,01/05/2016 10:21:41 AM,
안내판,안내판,223318.15,547123.46,127.2637858,37.52330576,01/01/2016 08:07:00 PM,
안내판,안내판,223189.96,547123,127.2623357,37.52330484,12/23/2015 11:58:14 AM,
안내판,안내판,224199.74,545936.59,127.2737196,37.51258945,12/24/2015 06:20:04 AM,
현황판,안내판,222499.18,545888.68,127.2544836,37.51220079,12/22/2015 09:39:15 AM,01/04/2016 12:03:00 PM
안내도,안내판,220275.15,548591.69,127.2294028,37.53660629,12/23/2015 01:06:00 PM,
안내판,안내판,220903.26,547688,127.2364838,37.52845009,12/30/2015 08:59:00 AM,
안내판,안내판,221529.37,546989.68,127.2435466,37.52214387,12/26/2015 10:06:00 AM,
안내판,안내판,222007.26,546422.87,127.2489356,37.51702567,12/29/2015 09:26:00 AM,
표지판,안내판,220305.7,548604.28,127.2297488,37.53671906,12/22/2015 02:14:24 PM,
안내도,안내판,221573.54,548135,127.2440799,37.5324621,12/27/2015 05:05:08 PM,
안내도,안내판,221669.79,547898.06,127.2451618,37.53032503,12/24/2015 08:08:21 AM,
안내판,안내판,221840.48,547659.65,127.2470858,37.52817295,12/26/2015 06:34:00 PM,
안내판,안내판,222001.63,547452.84,127.2489027,37.52630578,12/23/2015 12:45:59 PM,
안내도,안내판,221962.87,547370.4,127.2484618,37.52556392,12/28/2015 03:10:37 PM,
안내도,안내판,221938.73,546729.47,127.2481696,37.51978975,12/23/2015 03:01:00 PM,
안내판,안내판,221990.65,546587.09,127.2487526,37.51850568,12/30/2015 12:54:59 PM,
안내도,안내판,220519.21,544831.53,127.2320592,37.50272202,12/29/2015 09:00:58 PM,
안내판,안내판,221579.98,545056.28,127.2440624,37.50472283,12/25/2015 09:55:54 AM,
안내판,안내판,221618.59,545067.15,127.2444993,37.50481987,12/30/2015 10:45:59 AM,01/04/2016 12:03:00 PM
안내판,안내판,221829.46,545680.34,127.2469024,37.51033973,12/31/2015 11:38:39 AM,
안내판,안내판,221838.29,546025.78,127.2470125,37.51345192,12/20/2015 09:29:21 PM,
안내도,안내판,223578.67,547306.43,127.2667388,37.52494769,12/30/2015 08:37:00 AM,
안내판,안내판,222470.74,546664.31,127.2541856,37.51918987,12/31/2015 04:47:00 PM,
안내도,안내판,224098.18,545866.06,127.2725686,37.51195663,12/31/2015 12:30:00 PM,
쉼터,쉼터,221001.46,548252.62,127.2376108,37.53353505,12/29/2015 12:38:00 PM,
쉼터,쉼터,221939.79,546864.43,127.2481856,37.52100571,12/24/2015 01:55:00 PM,
쉼터,쉼터,222097.6,545688.37,127.2499354,37.5104057,12/30/2015 03:14:19 PM,
팔각정자,쉼터,197265.08,593538.33,126.9688867,37.94178051,12/22/2015 03:24:00 PM,
이정표,안내판,195618.83,593130.83,126.9501609,37.93810274,12/27/2015 08:48:00 AM,
안내판,안내판,196220.07,593338.96,126.9569993,37.93998056,12/22/2015 09:27:03 AM,
이정표,안내판,196277.13,593551.02,126.9576474,37.94189133,01/05/2016 09:18:00 AM,
안내판,안내판,196357.33,593589.33,126.9585595,37.9422368,01/04/2016 11:38:00 AM,
이정표,안내판,196362.71,593601.49,126.9586207,37.94234638,01/05/2016 11:07:46 AM,
안내판,안내판,196567.33,593602.58,126.9609485,37.94235699,12/31/2015 11:32:00 PM,
안내도,안내판,196924.64,593511.3,126.9650138,37.9415359,12/29/2015 02:23:00 PM,
이정표,안내판,196931.04,593500.71,126.9650867,37.94144051,12/31/2015 08:32:00 PM,
안내판,안내판,197057.4,593480.61,126.9665243,37.94125984,12/30/2015 07:04:23 AM,
이정표,안내판,197306.16,593357.7,126.9693547,37.94015326,01/02/2016 01:07:41 PM,
이정표,안내판,197289.4,593326.7,126.9691641,37.93987392,01/01/2016 12:03:00 PM,
이정표,안내판,197310.05,593218.33,126.9693995,37.93889764,01/04/2016 10:52:27 AM,
이정표,안내판,197271.35,593234.2,126.9689591,37.9390405,12/25/2015 06:22:43 PM,
안내도,안내판,197148.52,593249.61,126.9675618,37.93917896,12/26/2015 05:52:00 PM,
안내도,안내판,197371.29,593468.96,126.9700952,37.94115584,12/21/2015 12:59:00 PM,01/04/2016 12:03:00 PM
이정표,안내판,196184.58,593615.05,126.9565941,37.94246781,12/22/2015 11:11:49 AM,
이정표,안내판,196349.55,593740.33,126.9584703,37.94359719,12/31/2015 02:02:25 PM,
이정표,안내판,195893.18,593474.99,126.9532798,37.94120469,01/03/2016 08:12:28 AM,
이정표,안내판,196450.85,595178.68,126.9596156,37.95655621,12/21/2015 09:43:25 AM,
이정표,안내판,197370.13,593468.39,126.970082,37.9411507,12/20/2015 08:50:00 PM,12/22/2015 04:12:51 PM
안내도,안내판,197020.3,593194.46,126.9661034,37.93868168,01/05/2016 10:56:54 AM,
안내판,안내판,195396.22,592956.74,126.9476296,37.9365332,01/02/2016 08:57:36 AM,
이정표,안내판,195700.32,593140.55,126.9510878,37.9381907,12/28/2015 08:59:35 PM,
이정표,안내판,195844.07,593139.92,126.9527231,37.93818569,12/22/2015 07:50:44 PM,
위험지역,안내판,197010.13,594088.17,126.965984,37.94673342,01/05/2016 12:27:00 PM,
위험지역,안내판,197204.41,593683.61,126.9681959,37.94308921,12/27/2015 11:22:11 AM,
쉼터 1,쉼터,192505.05,530696.28,126.9153801,37.3755589,01/01/2016 10:55:16 PM,
쉼터 3,쉼터,192710.4,530833.07,126.9176972,37.37679305,12/22/2015 03:25:41 PM,
쉼터 4,쉼터,192536.05,530694.47,126.9157301,37.37554284,12/29/2015 11:37:00 AM,
쉼터 1,쉼터,192083.97,530326.75,126.91063,37.37222585,12/26/2015 03:25:09 PM,
쉼터 4,쉼터,193273.74,531704.91,126.9240497,37.38465279,12/28/2015 12:14:08 PM,
쉼터 5,쉼터,193238.12,531711.16,126.9236474,37.38470884,12/22/2015 10:59:53 AM,
쉼터 6,쉼터,193121.43,531644.66,126.9223304,37.3841088,01/04/2016 08:54:57 AM,
쉼터 7,쉼터,192569.46,531682.22,126.9160974,37.38444297,12/29/2015 09:37:53 PM,
쉼터 8,쉼터,192371.62,531595.38,126.9138644,37.38365891,12/23/2015 07:22:39 AM,
관모쉼터,쉼터,193089.71,530792,126.9219802,37.3764259,12/23/2015 08:40:00 AM,
쉼터,쉼터,193096.37,531633.6,126.9220475,37.38400896,12/21/2015 02:31:00 PM,
쉼터 1,쉼터,192104.4,530003,126.9108641,37.36930895,12/28/2015 04:25:00 PM,
쉼터 2,쉼터,192091.41,530317.53,126.9107141,37.37214284,01/01/2016 08:13:50 AM,
쉼터,쉼터,190756.08,529653.03,126.8956469,37.36614319,12/22/2015 04:12:51 PM,
이정표,안내판,192413.69,531189.91,126.9143436,37.38000588,01/02/2016 08:54:27 AM,
이정표 2,안내판,192340.57,531549.25,126.9135143,37.38324302,12/22/2015 10:01:09 AM,
이정표 1,안내판,190388.1,530633.79,126.8914801,37.37497633,01/01/2016 02:34:00 PM,
이정표 2,안내판,192807.87,530871.82,126.9187973,37.37714295,01/04/2016 02:31:59 PM,
이정표,안내판,193097.87,531631.82,126.9220645,37.38399294,12/30/2015 04:38:00 PM,
이정표,안내판,192708.9,530834.85,126.9176803,37.37680907,12/30/2015 04:34:00 PM,
이정표,안내판,192019.93,529683.1,126.9099139,37.36642585,12/20/2015 08:13:02 AM,
이정표 2,안내판,192045.02,529708.94,126.9101969,37.36665889,01/02/2016 02:04:18 PM,
이정표 5,안내판,192093.71,529662.72,126.910747,37.36624285,01/03/2016 08:59:02 AM,
이정표 6,안내판,191482.99,528705.1,126.9038637,37.35760905,12/20/2015 09:41:00 AM,
이정표 7,안내판,191233.49,528766.41,126.9010468,37.35815914,12/31/2015 09:56:36 PM,
이정표 1,안내판,192071.54,529638.66,126.910497,37.36602588,12/28/2015 01:27:00 PM,
병목안시민공원옆,쉼터,191885.41,531539.72,126.908375,37.38315328,01/04/2016 07:32:28 PM,
병목안시민공원옆,쉼터,191912.44,531536.69,126.9086802,37.38312621,12/28/2015 11:53:23 AM,
